{
  "project_info": {
    "project_number": "725691361576",
    "firebase_url": "https://shivdarpan-spc.firebaseio.com",
    "project_id": "shivdarpan-spc",
    "storage_bucket": "shivdarpan-spc.appspot.com"
  },
  "client": [
    {
      "client_info": {
        "mobilesdk_app_id": "1:725691361576:android:93d14bb6956ba81b",
        "android_client_info": {
          "package_name": "com.example.shivdarpan"
        }
      },
      "oauth_client": [
        {
          "client_id": "725691361576-njg4g88okegi09lm4vciaimhipfk4t42.apps.googleusercontent.com",
          "client_type": 3
        }
      ],
      "api_key": [
        {
          "current_key": "AIzaSyBml6i-fNjZBhlBAgsioZ1t2Z5Q47LemxY"
        }
      ],
      "services": {
        "appinvite_service": {
          "other_platform_oauth_client": [
            {
              "client_id": "725691361576-njg4g88okegi09lm4vciaimhipfk4t42.apps.googleusercontent.com",
              "client_type": 3
            }
          ]
        }
      }
    }
  ],
  "configuration_version": "1"
}